country,Unnamed: 0,country,year,General government final consumption expenditure (% of GDP),gdp_pc_lag1,rtfpna,"Mortality rate, infant (per 1,000 live births)",fe_etfra,gdppc,pop,v2x_regime,v2x_polyarchy,v2x_liberal,hc,Tax revenue (% of GDP),Population growth rate - Sex: all - Age: all - Variant: estimates,v2x_corr,v2x_execorr,v2x_pubcorr
AFG,0.0,0.0,0.0,0.14864864864864866,0.28378378378378377,1.0,0.14864864864864866,0.013513513513513514,0.28378378378378377,0.28378378378378377,0.0,0.0,0.0,1.0,0.14864864864864866,0.013513513513513514,0.013513513513513514,0.013513513513513514,0.013513513513513514
AGO,0.0,0.0,0.0,0.14864864864864866,0.28378378378378377,0.3783783783783784,0.14864864864864866,0.36486486486486486,0.28378378378378377,0.28378378378378377,0.0,0.0,0.0,0.32432432432432434,0.14864864864864866,0.013513513513513514,0.013513513513513514,0.013513513513513514,0.013513513513513514
ALB,0.0,0.0,0.0,0.14864864864864866,0.28378378378378377,1.0,0.14864864864864866,0.013513513513513514,0.28378378378378377,0.28378378378378377,0.0,0.0,0.0,0.32432432432432434,0.14864864864864866,0.013513513513513514,0.013513513513513514,0.013513513513513514,0.013513513513513514
ARE,0.0,0.0,0.0,0.14864864864864866,0.3108108108108108,1.0,0.14864864864864866,0.3108108108108108,0.3108108108108108,0.28378378378378377,0.28378378378378377,0.28378378378378377,0.28378378378378377,0.32432432432432434,0.14864864864864866,0.013513513513513514,0.2972972972972973,0.2972972972972973,0.2972972972972973
ARG,0.0,0.0,0.0,0.14864864864864866,0.28378378378378377,0.10810810810810811,0.14864864864864866,0.013513513513513514,0.28378378378378377,0.28378378378378377,0.0,0.0,0.0,0.05405405405405406,0.14864864864864866,0.013513513513513514,0.013513513513513514,0.013513513513513514,0.013513513513513514
ARM,0.0,0.0,0.0,0.14864864864864866,0.4189189189189189,0.6486486486486487,0.14864864864864866,0.581081081081081,0.40540540540540543,0.28378378378378377,0.5405405405405406,0.5405405405405406,0.5405405405405406,0.5945945945945946,0.14864864864864866,0.013513513513513514,0.5540540540540541,0.5540540540540541,0.5540540540540541
AUS,0.0,0.0,0.0,0.14864864864864866,0.28378378378378377,0.10810810810810811,0.14864864864864866,0.013513513513513514,0.28378378378378377,0.28378378378378377,0.0,0.0,0.0,0.05405405405405406,0.14864864864864866,0.013513513513513514,0.013513513513513514,0.013513513513513514,0.013513513513513514
AUT,0.0,0.0,0.0,0.14864864864864866,0.28378378378378377,0.10810810810810811,0.14864864864864866,0.08108108108108109,0.28378378378378377,0.28378378378378377,0.0,0.0,0.0,0.05405405405405406,0.14864864864864866,0.013513513513513514,0.013513513513513514,0.013513513513513514,0.013513513513513514
AZE,0.0,0.0,0.0,0.14864864864864866,0.4189189189189189,1.0,0.14864864864864866,0.581081081081081,0.40540540540540543,0.28378378378378377,0.5405405405405406,0.5405405405405406,0.5405405405405406,1.0,0.14864864864864866,0.013513513513513514,0.5540540540540541,0.5540540540540541,0.5540540540540541
BDI,0.0,0.0,0.0,0.14864864864864866,0.28378378378378377,0.4594594594594595,0.14864864864864866,0.1891891891891892,0.28378378378378377,0.28378378378378377,0.0,0.0,0.0,0.1891891891891892,0.14864864864864866,0.013513513513513514,0.013513513513513514,0.013513513513513514,0.013513513513513514
BEL,0.0,0.0,0.0,0.14864864864864866,0.28378378378378377,0.10810810810810811,0.14864864864864866,0.013513513513513514,0.28378378378378377,0.28378378378378377,0.0,0.0,0.0,0.05405405405405406,0.14864864864864866,0.013513513513513514,0.013513513513513514,0.013513513513513514,0.013513513513513514
BEN,0.0,0.0,0.0,0.14864864864864866,0.28378378378378377,0.4594594594594595,0.14864864864864866,0.16216216216216217,0.28378378378378377,0.28378378378378377,0.0,0.0,0.0,0.17567567567567569,0.14864864864864866,0.013513513513513514,0.013513513513513514,0.013513513513513514,0.013513513513513514
BFA,0.0,0.0,0.0,0.14864864864864866,0.28378378378378377,0.22972972972972974,0.14864864864864866,0.16216216216216217,0.28378378378378377,0.28378378378378377,0.0,0.0,0.0,0.1891891891891892,0.14864864864864866,0.013513513513513514,0.013513513513513514,0.013513513513513514,0.013513513513513514
BGD,0.0,0.0,0.0,0.14864864864864866,0.28378378378378377,1.0,0.14864864864864866,0.2972972972972973,0.28378378378378377,0.28378378378378377,0.28378378378378377,0.28378378378378377,0.28378378378378377,0.17567567567567569,0.14864864864864866,0.013513513513513514,0.2972972972972973,0.2972972972972973,0.2972972972972973
BGR,0.0,0.0,0.0,0.14864864864864866,0.28378378378378377,0.3783783783783784,0.14864864864864866,0.013513513513513514,0.28378378378378377,0.28378378378378377,0.0,0.0,0.0,0.32432432432432434,0.14864864864864866,0.013513513513513514,0.013513513513513514,0.013513513513513514,0.013513513513513514
BHR,0.0,0.0,0.0,0.14864864864864866,0.28378378378378377,0.3783783783783784,0.14864864864864866,0.3108108108108108,0.28378378378378377,0.28378378378378377,0.0,0.0,0.7027027027027027,0.32432432432432434,0.14864864864864866,0.013513513513513514,0.7567567567567568,0.013513513513513514,0.013513513513513514
BIH,0.0,0.0,0.0,0.14864864864864866,0.28378378378378377,1.0,0.14864864864864866,0.581081081081081,0.28378378378378377,0.28378378378378377,0.5675675675675675,0.5675675675675675,0.5675675675675675,1.0,0.14864864864864866,0.013513513513513514,0.581081081081081,0.581081081081081,0.581081081081081
BLR,0.0,0.0,0.0,0.14864864864864866,0.4189189189189189,1.0,0.14864864864864866,0.581081081081081,0.40540540540540543,0.28378378378378377,0.5405405405405406,0.5405405405405406,0.5405405405405406,1.0,0.14864864864864866,0.013513513513513514,0.5540540540540541,0.5540540540540541,0.5540540540540541
BOL,0.0,0.0,0.0,0.14864864864864866,0.28378378378378377,0.10810810810810811,0.14864864864864866,0.013513513513513514,0.28378378378378377,0.28378378378378377,0.0,0.0,0.0,0.05405405405405406,0.14864864864864866,0.013513513513513514,0.013513513513513514,0.013513513513513514,0.013513513513513514
BRA,0.0,0.0,0.0,0.14864864864864866,0.28378378378378377,0.10810810810810811,0.14864864864864866,0.013513513513513514,0.28378378378378377,0.28378378378378377,0.0,0.0,0.0,0.05405405405405406,0.14864864864864866,0.013513513513513514,0.013513513513513514,0.013513513513513514,0.013513513513513514
BRB,0.0,0.0,0.0,0.14864864864864866,0.28378378378378377,0.24324324324324326,0.14864864864864866,1.0,0.28378378378378377,0.28378378378378377,0.0,0.0,0.0,0.1891891891891892,0.14864864864864866,0.013513513513513514,0.013513513513513514,0.013513513513513514,0.013513513513513514
BTN,0.0,0.0,0.0,0.14864864864864866,1.0,1.0,0.14864864864864866,0.013513513513513514,1.0,1.0,0.0,0.0,0.0,1.0,0.14864864864864866,0.013513513513513514,0.013513513513513514,0.013513513513513514,0.013513513513513514
BWA,0.0,0.0,0.0,0.14864864864864866,0.28378378378378377,0.24324324324324326,0.14864864864864866,0.24324324324324326,0.28378378378378377,0.28378378378378377,0.0,0.0,0.0,0.1891891891891892,0.14864864864864866,0.013513513513513514,0.013513513513513514,0.013513513513513514,0.013513513513513514
CAF,0.0,0.0,0.0,0.14864864864864866,0.28378378378378377,0.4594594594594595,0.14864864864864866,0.16216216216216217,0.28378378378378377,0.28378378378378377,0.0,0.0,0.02702702702702703,0.1891891891891892,0.14864864864864866,0.013513513513513514,0.013513513513513514,0.013513513513513514,0.013513513513513514
CAN,0.0,0.0,0.0,0.14864864864864866,0.28378378378378377,0.10810810810810811,0.14864864864864866,0.013513513513513514,0.28378378378378377,0.28378378378378377,0.0,0.0,0.0,0.05405405405405406,0.14864864864864866,0.013513513513513514,0.013513513513513514,0.013513513513513514,0.013513513513513514
CHE,0.0,0.0,0.0,0.14864864864864866,0.28378378378378377,0.10810810810810811,0.14864864864864866,0.013513513513513514,0.28378378378378377,0.28378378378378377,0.0,0.0,0.0,0.05405405405405406,0.14864864864864866,0.013513513513513514,0.013513513513513514,0.013513513513513514,0.013513513513513514
CHL,0.0,0.0,0.0,0.14864864864864866,0.28378378378378377,0.10810810810810811,0.14864864864864866,0.013513513513513514,0.28378378378378377,0.28378378378378377,0.0,0.0,0.0,0.06756756756756757,0.14864864864864866,0.013513513513513514,0.013513513513513514,0.013513513513513514,0.013513513513513514
CHN,0.0,0.0,0.0,0.14864864864864866,0.28378378378378377,0.13513513513513514,0.14864864864864866,0.013513513513513514,0.28378378378378377,0.28378378378378377,0.0,0.0,0.0,0.08108108108108109,0.14864864864864866,0.013513513513513514,0.013513513513513514,0.013513513513513514,0.013513513513513514
CIV,0.0,0.0,0.0,0.14864864864864866,0.28378378378378377,0.24324324324324326,0.14864864864864866,0.16216216216216217,0.28378378378378377,0.28378378378378377,0.0,0.0,0.0,0.1891891891891892,0.14864864864864866,0.013513513513513514,0.013513513513513514,0.013513513513513514,0.013513513513513514
CMR,0.0,0.0,0.0,0.14864864864864866,0.28378378378378377,0.24324324324324326,0.14864864864864866,0.14864864864864866,0.28378378378378377,0.28378378378378377,0.14864864864864866,0.14864864864864866,0.14864864864864866,0.1891891891891892,0.14864864864864866,0.013513513513513514,0.16216216216216217,0.16216216216216217,0.16216216216216217
COD,0.0,0.0,0.0,0.14864864864864866,1.0,1.0,0.14864864864864866,0.16216216216216217,1.0,1.0,0.0,0.0,0.0,1.0,0.14864864864864866,0.013513513513513514,0.013513513513513514,0.013513513513513514,0.013513513513513514
COG,0.0,0.0,0.0,0.14864864864864866,0.28378378378378377,1.0,0.14864864864864866,1.0,0.28378378378378377,0.28378378378378377,0.0,0.0,0.0,0.1891891891891892,0.14864864864864866,0.013513513513513514,0.013513513513513514,0.013513513513513514,0.013513513513513514
COL,0.0,0.0,0.0,0.14864864864864866,0.28378378378378377,0.10810810810810811,0.14864864864864866,0.013513513513513514,0.28378378378378377,0.28378378378378377,0.0,0.0,0.0,0.05405405405405406,0.14864864864864866,0.013513513513513514,0.013513513513513514,0.013513513513513514,0.013513513513513514
COM,0.0,0.0,0.0,0.14864864864864866,0.28378378378378377,1.0,0.14864864864864866,1.0,0.28378378378378377,0.28378378378378377,0.0,0.0,0.0,1.0,0.14864864864864866,0.013513513513513514,0.013513513513513514,0.013513513513513514,0.013513513513513514
CPV,0.0,0.0,0.0,0.14864864864864866,0.28378378378378377,1.0,0.14864864864864866,1.0,0.28378378378378377,0.28378378378378377,0.0,0.0,0.0,1.0,0.14864864864864866,0.013513513513513514,0.013513513513513514,0.013513513513513514,0.013513513513513514
CRI,0.0,0.0,0.0,0.14864864864864866,0.28378378378378377,0.10810810810810811,0.14864864864864866,0.013513513513513514,0.28378378378378377,0.28378378378378377,0.0,0.0,0.0,0.05405405405405406,0.14864864864864866,0.013513513513513514,0.013513513513513514,0.013513513513513514,0.013513513513513514
CUB,0.0,0.0,0.0,0.14864864864864866,0.28378378378378377,1.0,0.14864864864864866,0.013513513513513514,0.28378378378378377,0.28378378378378377,0.0,0.0,0.0,1.0,0.14864864864864866,0.013513513513513514,0.013513513513513514,0.013513513513513514,0.013513513513513514
CYP,0.0,0.0,0.0,0.14864864864864866,0.28378378378378377,0.10810810810810811,0.14864864864864866,0.16216216216216217,0.28378378378378377,0.28378378378378377,0.0,0.0,0.0,0.05405405405405406,0.14864864864864866,0.013513513513513514,0.013513513513513514,0.013513513513513514,0.013513513513513514
CZE,0.0,0.0,0.0,0.04721030042918455,0.09871244635193133,0.5536480686695279,0.04721030042918455,0.48497854077253216,0.09012875536480687,0.09012875536480687,0.0,0.0,0.0,0.48497854077253216,0.04721030042918455,0.004291845493562232,0.004291845493562232,0.004291845493562232,0.004291845493562232
DEU,0.0,0.0,0.0,0.14864864864864866,0.28378378378378377,0.10810810810810811,0.14864864864864866,0.013513513513513514,0.28378378378378377,0.28378378378378377,0.0,0.0,0.0,0.05405405405405406,0.14864864864864866,0.013513513513513514,0.013513513513513514,0.013513513513513514,0.013513513513513514
DJI,0.0,0.0,0.0,0.14864864864864866,0.28378378378378377,1.0,0.14864864864864866,0.3783783783783784,0.28378378378378377,0.28378378378378377,0.0,0.0,0.0,1.0,0.14864864864864866,0.013513513513513514,0.013513513513513514,0.013513513513513514,0.013513513513513514
DNK,0.0,0.0,0.0,0.14864864864864866,0.28378378378378377,0.10810810810810811,0.14864864864864866,0.013513513513513514,0.28378378378378377,0.28378378378378377,0.0,0.0,0.0,0.05405405405405406,0.14864864864864866,0.013513513513513514,0.013513513513513514,0.013513513513513514,0.013513513513513514
DOM,0.0,0.0,0.0,0.14864864864864866,0.28378378378378377,0.12162162162162163,0.14864864864864866,0.013513513513513514,0.28378378378378377,0.28378378378378377,0.0,0.0,0.0,0.06756756756756757,0.14864864864864866,0.013513513513513514,0.013513513513513514,0.013513513513513514,0.013513513513513514
DZA,0.0,0.0,0.0,0.14864864864864866,0.28378378378378377,1.0,0.14864864864864866,0.1891891891891892,0.28378378378378377,0.28378378378378377,0.0,0.0,0.0,0.1891891891891892,0.14864864864864866,0.013513513513513514,0.013513513513513514,0.013513513513513514,0.013513513513513514
ECU,0.0,0.0,0.0,0.14864864864864866,0.28378378378378377,0.10810810810810811,0.14864864864864866,0.013513513513513514,0.28378378378378377,0.28378378378378377,0.0,0.0,0.0,0.05405405405405406,0.14864864864864866,0.013513513513513514,0.013513513513513514,0.013513513513513514,0.013513513513513514
EGY,0.0,0.0,0.0,0.14864864864864866,0.28378378378378377,0.10810810810810811,0.14864864864864866,0.013513513513513514,0.28378378378378377,0.28378378378378377,0.0,0.0,0.0,0.05405405405405406,0.14864864864864866,0.013513513513513514,0.013513513513513514,0.013513513513513514,0.013513513513513514
ERI,0.0,0.0,0.0,0.14864864864864866,1.0,1.0,0.14864864864864866,0.5945945945945946,1.0,1.0,0.0,0.0,0.0,1.0,0.14864864864864866,0.013513513513513514,0.013513513513513514,0.013513513513513514,0.013513513513513514
ESP,0.0,0.0,0.0,0.14864864864864866,0.28378378378378377,0.10810810810810811,0.14864864864864866,0.013513513513513514,0.28378378378378377,0.28378378378378377,0.0,0.0,0.0,0.05405405405405406,0.14864864864864866,0.013513513513513514,0.013513513513513514,0.013513513513513514,0.013513513513513514
EST,0.0,0.0,0.0,0.14864864864864866,0.4189189189189189,0.6486486486486487,0.14864864864864866,0.581081081081081,0.40540540540540543,0.28378378378378377,0.5405405405405406,0.5405405405405406,0.5405405405405406,0.5945945945945946,0.14864864864864866,0.013513513513513514,0.5540540540540541,0.5540540540540541,0.5540540540540541
ETH,0.0,0.0,0.0,0.14864864864864866,0.28378378378378377,1.0,0.14864864864864866,0.013513513513513514,0.28378378378378377,0.28378378378378377,0.0,0.0,0.0,0.1891891891891892,0.14864864864864866,0.013513513513513514,0.013513513513513514,0.013513513513513514,0.013513513513513514
FIN,0.0,0.0,0.0,0.14864864864864866,0.28378378378378377,0.10810810810810811,0.14864864864864866,0.013513513513513514,0.28378378378378377,0.28378378378378377,0.0,0.0,0.0,0.05405405405405406,0.14864864864864866,0.013513513513513514,0.013513513513513514,0.013513513513513514,0.013513513513513514
FJI,0.0,0.0,0.0,0.14864864864864866,1.0,0.4594594594594595,0.14864864864864866,0.2972972972972973,1.0,1.0,0.0,0.0,0.0,0.1891891891891892,0.14864864864864866,0.013513513513513514,0.013513513513513514,0.013513513513513514,0.013513513513513514
FRA,0.0,0.0,0.0,0.14864864864864866,0.28378378378378377,0.10810810810810811,0.14864864864864866,0.013513513513513514,0.28378378378378377,0.28378378378378377,0.0,0.0,0.0,0.05405405405405406,0.14864864864864866,0.013513513513513514,0.013513513513513514,0.013513513513513514,0.013513513513513514
GAB,0.0,0.0,0.0,0.14864864864864866,0.28378378378378377,0.24324324324324326,0.14864864864864866,0.14864864864864866,0.28378378378378377,0.28378378378378377,0.0,0.0,0.0,0.1891891891891892,0.14864864864864866,0.013513513513513514,0.013513513513513514,0.013513513513513514,0.013513513513513514
GBR,0.0,0.0,0.0,0.14864864864864866,0.28378378378378377,0.10810810810810811,0.14864864864864866,0.013513513513513514,0.28378378378378377,0.28378378378378377,0.0,0.0,0.0,0.05405405405405406,0.14864864864864866,0.013513513513513514,0.013513513513513514,0.013513513513513514,0.013513513513513514
GEO,0.0,0.0,0.0,0.14864864864864866,0.4189189189189189,1.0,0.14864864864864866,0.581081081081081,0.40540540540540543,0.28378378378378377,0.5405405405405406,0.5405405405405406,0.5405405405405406,1.0,0.14864864864864866,0.013513513513513514,0.5540540540540541,0.5540540540540541,0.5540540540540541
GHA,0.0,0.0,0.0,0.14864864864864866,0.28378378378378377,1.0,0.14864864864864866,0.10810810810810811,0.28378378378378377,0.28378378378378377,0.0,0.0,0.0,0.12162162162162163,0.14864864864864866,0.013513513513513514,0.013513513513513514,0.013513513513513514,0.013513513513513514
GIN,0.0,0.0,0.0,0.14864864864864866,0.28378378378378377,1.0,0.14864864864864866,0.13513513513513514,0.28378378378378377,0.28378378378378377,0.0,0.0,0.0,1.0,0.14864864864864866,0.013513513513513514,0.013513513513513514,0.013513513513513514,0.013513513513513514
GMB,0.0,0.0,0.0,0.14864864864864866,0.28378378378378377,1.0,0.14864864864864866,0.21621621621621623,0.28378378378378377,0.28378378378378377,0.0,0.0,0.0,0.1891891891891892,0.14864864864864866,0.013513513513513514,0.013513513513513514,0.013513513513513514,0.013513513513513514
GNB,0.0,0.0,0.0,0.14864864864864866,0.28378378378378377,1.0,0.14864864864864866,0.35135135135135137,0.28378378378378377,0.28378378378378377,0.0,0.0,0.0,1.0,0.14864864864864866,0.013513513513513514,0.013513513513513514,0.013513513513513514,0.013513513513513514
GNQ,0.0,0.0,0.0,0.14864864864864866,0.28378378378378377,1.0,0.14864864864864866,1.0,0.28378378378378377,0.28378378378378377,0.0,0.0,0.0,1.0,0.14864864864864866,0.013513513513513514,0.013513513513513514,0.013513513513513514,0.013513513513513514
GRC,0.0,0.0,0.0,0.14864864864864866,0.28378378378378377,0.12162162162162163,0.14864864864864866,0.013513513513513514,0.28378378378378377,0.28378378378378377,0.0,0.0,0.0,0.06756756756756757,0.14864864864864866,0.013513513513513514,0.013513513513513514,0.013513513513513514,0.013513513513513514
GTM,0.0,0.0,0.0,0.14864864864864866,0.28378378378378377,0.10810810810810811,0.14864864864864866,0.013513513513513514,0.28378378378378377,0.28378378378378377,0.0,0.0,0.0,0.05405405405405406,0.14864864864864866,0.013513513513513514,0.013513513513513514,0.013513513513513514,0.013513513513513514
GUY,0.0,0.0,0.0,0.14864864864864866,1.0,1.0,0.14864864864864866,0.22972972972972974,1.0,1.0,0.0,0.0,0.0,0.32432432432432434,0.14864864864864866,0.013513513513513514,0.013513513513513514,0.013513513513513514,0.013513513513513514
HKG,0.0,0.0,0.0,0.14864864864864866,0.28378378378378377,0.24324324324324326,0.14864864864864866,1.0,0.28378378378378377,0.28378378378378377,0.0,0.0,0.0,0.1891891891891892,0.14864864864864866,0.013513513513513514,0.013513513513513514,0.013513513513513514,0.013513513513513514
HND,0.0,0.0,0.0,0.14864864864864866,0.28378378378378377,0.32432432432432434,0.14864864864864866,0.013513513513513514,0.28378378378378377,0.28378378378378377,0.0,0.0,0.0,0.05405405405405406,0.14864864864864866,0.013513513513513514,0.013513513513513514,0.013513513513513514,0.013513513513513514
HRV,0.0,0.0,0.0,0.14864864864864866,0.28378378378378377,0.6486486486486487,0.14864864864864866,0.581081081081081,0.28378378378378377,0.28378378378378377,0.5540540540540541,0.5540540540540541,0.5540540540540541,0.5945945945945946,0.14864864864864866,0.013513513513513514,0.5675675675675675,0.5675675675675675,0.5675675675675675
HTI,0.0,0.0,0.0,0.14864864864864866,0.28378378378378377,1.0,0.14864864864864866,0.013513513513513514,0.28378378378378377,0.28378378378378377,0.0,0.0,0.0,0.1891891891891892,0.14864864864864866,0.013513513513513514,0.013513513513513514,0.013513513513513514,0.013513513513513514
HUN,0.0,0.0,0.0,0.14864864864864866,0.28378378378378377,0.3783783783783784,0.14864864864864866,0.013513513513513514,0.28378378378378377,0.28378378378378377,0.0,0.0,0.0,0.32432432432432434,0.14864864864864866,0.013513513513513514,0.013513513513513514,0.013513513513513514,0.013513513513513514
IDN,0.0,0.0,0.0,0.14864864864864866,0.28378378378378377,0.1891891891891892,0.14864864864864866,0.013513513513513514,0.28378378378378377,0.28378378378378377,0.0,0.0,0.0,0.1891891891891892,0.14864864864864866,0.013513513513513514,0.013513513513513514,0.013513513513513514,0.013513513513513514
IND,0.0,0.0,0.0,0.14864864864864866,0.28378378378378377,0.10810810810810811,0.14864864864864866,0.013513513513513514,0.28378378378378377,0.28378378378378377,0.0,0.0,0.0,0.05405405405405406,0.14864864864864866,0.013513513513513514,0.013513513513513514,0.013513513513513514,0.013513513513513514
IRL,0.0,0.0,0.0,0.14864864864864866,0.28378378378378377,0.10810810810810811,0.14864864864864866,0.013513513513513514,0.28378378378378377,0.28378378378378377,0.0,0.0,0.0,0.05405405405405406,0.14864864864864866,0.013513513513513514,0.013513513513513514,0.013513513513513514,0.013513513513513514
IRN,0.0,0.0,0.0,0.14864864864864866,0.28378378378378377,0.17567567567567569,0.14864864864864866,0.013513513513513514,0.28378378378378377,0.28378378378378377,0.0,0.0,0.0,0.12162162162162163,0.14864864864864866,0.013513513513513514,0.013513513513513514,0.013513513513513514,0.013513513513513514
IRQ,0.0,0.0,0.0,0.14864864864864866,0.28378378378378377,0.3783783783783784,0.14864864864864866,0.013513513513513514,0.28378378378378377,0.28378378378378377,0.0,0.0,0.0,0.32432432432432434,0.14864864864864866,0.013513513513513514,0.013513513513513514,0.013513513513513514,0.013513513513513514
ISL,0.0,0.0,0.0,0.14864864864864866,0.28378378378378377,0.10810810810810811,0.14864864864864866,1.0,0.28378378378378377,0.28378378378378377,0.0,0.0,0.0,0.05405405405405406,0.14864864864864866,0.013513513513513514,0.013513513513513514,0.013513513513513514,0.013513513513513514
ISR,0.0,0.0,0.0,0.14864864864864866,0.28378378378378377,0.10810810810810811,0.14864864864864866,0.013513513513513514,0.28378378378378377,0.28378378378378377,0.0,0.0,0.0,0.05405405405405406,0.14864864864864866,0.013513513513513514,0.013513513513513514,0.013513513513513514,0.013513513513513514
ITA,0.0,0.0,0.0,0.14864864864864866,0.28378378378378377,0.10810810810810811,0.14864864864864866,0.013513513513513514,0.28378378378378377,0.28378378378378377,0.0,0.0,0.0,0.05405405405405406,0.14864864864864866,0.013513513513513514,0.013513513513513514,0.013513513513513514,0.013513513513513514
JAM,0.0,0.0,0.0,0.14864864864864866,0.28378378378378377,0.14864864864864866,0.14864864864864866,0.1891891891891892,0.28378378378378377,0.28378378378378377,0.0,0.0,0.0,0.0945945945945946,0.14864864864864866,0.013513513513513514,0.013513513513513514,0.013513513513513514,0.013513513513513514
JOR,0.0,0.0,0.0,0.14864864864864866,0.28378378378378377,0.16216216216216217,0.14864864864864866,0.013513513513513514,0.28378378378378377,0.28378378378378377,0.0,0.0,0.0,0.10810810810810811,0.14864864864864866,0.013513513513513514,0.013513513513513514,0.013513513513513514,0.013513513513513514
JPN,0.0,0.0,0.0,0.14864864864864866,0.28378378378378377,0.10810810810810811,0.14864864864864866,0.013513513513513514,0.28378378378378377,0.28378378378378377,0.0,0.0,0.0,0.05405405405405406,0.14864864864864866,0.013513513513513514,0.013513513513513514,0.013513513513513514,0.013513513513513514
KAZ,0.0,0.0,0.0,0.14864864864864866,0.4189189189189189,0.6486486486486487,0.14864864864864866,0.581081081081081,0.40540540540540543,0.28378378378378377,0.5405405405405406,0.5405405405405406,0.5405405405405406,0.5945945945945946,0.14864864864864866,0.013513513513513514,0.5540540540540541,0.5540540540540541,0.5540540540540541
KEN,0.0,0.0,0.0,0.14864864864864866,0.28378378378378377,0.10810810810810811,0.14864864864864866,0.20270270270270271,0.28378378378378377,0.28378378378378377,0.0,0.0,0.0,0.05405405405405406,0.14864864864864866,0.013513513513513514,0.013513513513513514,0.013513513513513514,0.013513513513513514
KGZ,0.0,0.0,0.0,0.14864864864864866,0.4189189189189189,0.6486486486486487,0.14864864864864866,0.581081081081081,0.40540540540540543,0.28378378378378377,0.5405405405405406,0.5405405405405406,0.5405405405405406,0.5945945945945946,0.14864864864864866,0.013513513513513514,0.5540540540540541,0.5540540540540541,0.5540540540540541
KHM,0.0,0.0,0.0,0.14864864864864866,0.28378378378378377,1.0,0.14864864864864866,0.06756756756756757,0.28378378378378377,0.28378378378378377,0.0,0.0,0.0,0.32432432432432434,0.14864864864864866,0.013513513513513514,0.013513513513513514,0.013513513513513514,0.013513513513513514
KOR,0.0,0.0,0.0,0.14864864864864866,0.28378378378378377,0.14864864864864866,0.14864864864864866,0.013513513513513514,0.28378378378378377,0.28378378378378377,0.0,0.0,0.0,0.0945945945945946,0.14864864864864866,0.013513513513513514,0.013513513513513514,0.013513513513513514,0.013513513513513514
KWT,0.0,0.0,0.0,0.14864864864864866,0.28378378378378377,0.3783783783783784,0.14864864864864866,0.16216216216216217,0.28378378378378377,0.28378378378378377,0.0,0.0,0.0,0.32432432432432434,0.14864864864864866,0.013513513513513514,0.013513513513513514,0.013513513513513514,0.013513513513513514
LAO,0.0,0.0,0.0,0.14864864864864866,0.28378378378378377,0.4594594594594595,0.14864864864864866,0.06756756756756757,0.28378378378378377,0.28378378378378377,0.0,0.0,0.0,0.32432432432432434,0.14864864864864866,0.013513513513513514,0.013513513513513514,0.013513513513513514,0.013513513513513514
LBN,0.0,0.0,0.0,0.14864864864864866,0.28378378378378377,1.0,0.14864864864864866,0.013513513513513514,0.28378378378378377,0.28378378378378377,0.0,0.0,0.0,1.0,0.14864864864864866,0.013513513513513514,0.013513513513513514,0.013513513513513514,0.013513513513513514
LBR,0.0,0.0,0.0,0.14864864864864866,0.28378378378378377,1.0,0.14864864864864866,0.013513513513513514,0.28378378378378377,0.28378378378378377,0.0,0.0,0.0,0.24324324324324326,0.14864864864864866,0.013513513513513514,0.013513513513513514,0.013513513513513514,0.013513513513513514
LBY,0.0,0.0,0.0,0.14864864864864866,0.28378378378378377,1.0,0.14864864864864866,0.04054054054054054,0.28378378378378377,0.28378378378378377,0.013513513513513514,0.013513513513513514,0.013513513513513514,1.0,0.14864864864864866,0.013513513513513514,0.02702702702702703,0.02702702702702703,0.02702702702702703
LKA,0.0,0.0,0.0,0.14864864864864866,0.28378378378378377,0.10810810810810811,0.14864864864864866,0.013513513513513514,0.28378378378378377,0.28378378378378377,0.0,0.0,0.0,0.05405405405405406,0.14864864864864866,0.013513513513513514,0.013513513513513514,0.013513513513513514,0.013513513513513514
LSO,0.0,0.0,0.0,0.14864864864864866,0.28378378378378377,0.4594594594594595,0.14864864864864866,0.24324324324324326,0.28378378378378377,0.28378378378378377,0.0,0.0,0.0,0.1891891891891892,0.14864864864864866,0.013513513513513514,0.013513513513513514,0.013513513513513514,0.013513513513513514
LTU,0.0,0.0,0.0,0.14864864864864866,0.4189189189189189,0.6486486486486487,0.14864864864864866,0.581081081081081,0.40540540540540543,0.28378378378378377,0.5405405405405406,0.5405405405405406,0.5405405405405406,0.5945945945945946,0.14864864864864866,0.013513513513513514,0.5540540540540541,0.5540540540540541,0.5540540540540541
LUX,0.0,0.0,0.0,0.14864864864864866,0.28378378378378377,0.10810810810810811,0.14864864864864866,1.0,0.28378378378378377,0.28378378378378377,0.0,0.0,0.0,0.05405405405405406,0.14864864864864866,0.013513513513513514,0.013513513513513514,0.013513513513513514,0.013513513513513514
LVA,0.0,0.0,0.0,0.14864864864864866,0.4189189189189189,0.6486486486486487,0.14864864864864866,0.581081081081081,0.40540540540540543,0.28378378378378377,0.5405405405405406,0.5405405405405406,0.5405405405405406,0.5945945945945946,0.14864864864864866,0.013513513513513514,0.5540540540540541,0.5540540540540541,0.5540540540540541
MAR,0.0,0.0,0.0,0.14864864864864866,0.28378378378378377,0.10810810810810811,0.14864864864864866,0.0945945945945946,0.28378378378378377,0.28378378378378377,0.0,0.0,0.0,0.05405405405405406,0.14864864864864866,0.013513513513513514,0.013513513513513514,0.013513513513513514,0.013513513513513514
MDA,0.0,0.0,0.0,0.14864864864864866,0.4189189189189189,0.6486486486486487,0.14864864864864866,0.581081081081081,0.40540540540540543,0.28378378378378377,0.5405405405405406,0.5405405405405406,0.5405405405405406,0.5945945945945946,0.14864864864864866,0.013513513513513514,0.5540540540540541,0.5540540540540541,0.5540540540540541
MDG,0.0,0.0,0.0,0.14864864864864866,0.28378378378378377,1.0,0.14864864864864866,0.14864864864864866,0.28378378378378377,0.28378378378378377,0.0,0.0,0.0,0.1891891891891892,0.14864864864864866,0.013513513513513514,0.013513513513513514,0.013513513513513514,0.013513513513513514
MDV,0.0,0.0,0.0,0.14864864864864866,1.0,1.0,0.14864864864864866,1.0,1.0,1.0,0.0,0.0,0.0,0.32432432432432434,0.14864864864864866,0.013513513513513514,0.013513513513513514,0.013513513513513514,0.013513513513513514
MEX,0.0,0.0,0.0,0.14864864864864866,0.28378378378378377,0.10810810810810811,0.14864864864864866,0.013513513513513514,0.28378378378378377,0.28378378378378377,0.0,0.0,0.0,0.05405405405405406,0.14864864864864866,0.013513513513513514,0.013513513513513514,0.013513513513513514,0.013513513513513514
MKD,0.0,0.0,0.0,0.14864864864864866,0.28378378378378377,1.0,0.14864864864864866,0.5945945945945946,0.28378378378378377,0.28378378378378377,0.5540540540540541,0.5540540540540541,0.5540540540540541,1.0,0.14864864864864866,0.013513513513513514,0.5675675675675675,0.5675675675675675,0.5675675675675675
MLI,0.0,0.0,0.0,0.14864864864864866,0.28378378378378377,1.0,0.14864864864864866,0.16216216216216217,0.28378378378378377,0.28378378378378377,0.0,0.0,0.0,0.1891891891891892,0.14864864864864866,0.013513513513513514,0.013513513513513514,0.013513513513513514,0.013513513513513514
MLT,0.0,0.0,0.0,0.14864864864864866,0.28378378378378377,0.16216216216216217,0.14864864864864866,1.0,0.28378378378378377,0.28378378378378377,0.0,0.0,0.0,0.10810810810810811,0.14864864864864866,0.013513513513513514,0.013513513513513514,0.013513513513513514,0.013513513513513514
MMR,0.0,0.0,0.0,0.14864864864864866,0.28378378378378377,1.0,0.14864864864864866,0.013513513513513514,0.28378378378378377,0.28378378378378377,0.0,0.0,0.0,0.21621621621621623,0.14864864864864866,0.013513513513513514,0.013513513513513514,0.013513513513513514,0.013513513513513514
MNE,0.0,0.0,0.0,0.14864864864864866,0.28378378378378377,1.0,0.14864864864864866,1.0,0.28378378378378377,0.28378378378378377,0.6486486486486487,0.6486486486486487,0.6486486486486487,1.0,0.14864864864864866,0.013513513513513514,0.6621621621621622,0.6621621621621622,0.6621621621621622
MNG,0.0,0.0,0.0,0.14864864864864866,0.28378378378378377,0.4594594594594595,0.14864864864864866,0.013513513513513514,0.28378378378378377,0.28378378378378377,0.0,0.0,0.0,0.32432432432432434,0.14864864864864866,0.013513513513513514,0.013513513513513514,0.013513513513513514,0.013513513513513514
MOZ,0.0,0.0,0.0,0.14864864864864866,0.28378378378378377,0.24324324324324326,0.14864864864864866,0.35135135135135137,0.28378378378378377,0.28378378378378377,0.0,0.0,0.0,0.1891891891891892,0.14864864864864866,0.013513513513513514,0.013513513513513514,0.013513513513513514,0.013513513513513514
MRT,0.0,0.0,0.0,0.14864864864864866,0.28378378378378377,0.4189189189189189,0.14864864864864866,0.16216216216216217,0.28378378378378377,0.28378378378378377,0.0,0.0,0.0,0.1891891891891892,0.14864864864864866,0.013513513513513514,0.013513513513513514,0.013513513513513514,0.013513513513513514
MUS,0.0,0.0,0.0,0.14864864864864866,0.28378378378378377,0.10810810810810811,0.14864864864864866,0.25675675675675674,0.28378378378378377,0.28378378378378377,0.0,0.0,0.0,0.05405405405405406,0.14864864864864866,0.013513513513513514,0.013513513513513514,0.013513513513513514,0.013513513513513514
MWI,0.0,0.0,0.0,0.14864864864864866,0.28378378378378377,1.0,0.14864864864864866,0.21621621621621623,0.28378378378378377,0.28378378378378377,0.0,0.0,0.0,0.10810810810810811,0.14864864864864866,0.013513513513513514,0.013513513513513514,0.013513513513513514,0.013513513513513514
MYS,0.0,0.0,0.0,0.14864864864864866,0.28378378378378377,0.17567567567567569,0.14864864864864866,0.1891891891891892,0.28378378378378377,0.28378378378378377,0.0,0.0,0.0,0.12162162162162163,0.14864864864864866,0.013513513513513514,0.013513513513513514,0.013513513513513514,0.013513513513513514
NAM,0.0,0.0,0.0,0.14864864864864866,0.28378378378378377,0.24324324324324326,0.14864864864864866,0.5540540540540541,0.28378378378378377,0.28378378378378377,0.0,0.0,0.013513513513513514,0.1891891891891892,0.14864864864864866,0.013513513513513514,0.013513513513513514,0.013513513513513514,0.013513513513513514
NER,0.0,0.0,0.0,0.14864864864864866,0.28378378378378377,0.24324324324324326,0.14864864864864866,0.16216216216216217,0.28378378378378377,0.28378378378378377,0.0,0.0,0.0,0.1891891891891892,0.14864864864864866,0.013513513513513514,0.013513513513513514,0.013513513513513514,0.013513513513513514
NGA,0.0,0.0,0.0,0.14864864864864866,0.28378378378378377,0.1891891891891892,0.14864864864864866,0.16216216216216217,0.28378378378378377,0.28378378378378377,0.0,0.0,0.013513513513513514,0.1891891891891892,0.14864864864864866,0.013513513513513514,0.013513513513513514,0.013513513513513514,0.013513513513513514
NIC,0.0,0.0,0.0,0.14864864864864866,0.28378378378378377,0.4594594594594595,0.14864864864864866,0.013513513513513514,0.28378378378378377,0.28378378378378377,0.0,0.0,0.0,0.05405405405405406,0.14864864864864866,0.013513513513513514,0.013513513513513514,0.013513513513513514,0.013513513513513514
NLD,0.0,0.0,0.0,0.14864864864864866,0.28378378378378377,0.10810810810810811,0.14864864864864866,0.013513513513513514,0.28378378378378377,0.28378378378378377,0.0,0.0,0.0,0.05405405405405406,0.14864864864864866,0.013513513513513514,0.013513513513513514,0.013513513513513514,0.013513513513513514
NOR,0.0,0.0,0.0,0.14864864864864866,0.28378378378378377,0.10810810810810811,0.14864864864864866,0.013513513513513514,0.28378378378378377,0.28378378378378377,0.0,0.0,0.0,0.05405405405405406,0.14864864864864866,0.013513513513513514,0.013513513513513514,0.013513513513513514,0.013513513513513514
NPL,0.0,0.0,0.0,0.14864864864864866,0.28378378378378377,1.0,0.14864864864864866,0.013513513513513514,0.28378378378378377,0.28378378378378377,0.0,0.0,0.0,0.1891891891891892,0.14864864864864866,0.013513513513513514,0.013513513513513514,0.013513513513513514,0.013513513513513514
NZL,0.0,0.0,0.0,0.14864864864864866,0.28378378378378377,0.10810810810810811,0.14864864864864866,0.013513513513513514,0.28378378378378377,0.28378378378378377,0.0,0.0,0.0,0.05405405405405406,0.14864864864864866,0.013513513513513514,0.013513513513513514,0.013513513513513514,0.013513513513513514
OMN,0.0,0.0,0.0,0.14864864864864866,0.28378378378378377,1.0,0.14864864864864866,0.013513513513513514,0.28378378378378377,0.28378378378378377,0.0,0.0,0.0,1.0,0.14864864864864866,0.013513513513513514,0.013513513513513514,0.013513513513513514,0.013513513513513514
PAK,0.0,0.0,0.0,0.14864864864864866,0.28378378378378377,1.0,0.14864864864864866,0.013513513513513514,0.28378378378378377,0.28378378378378377,0.0,0.0,0.0,0.05405405405405406,0.14864864864864866,0.013513513513513514,0.013513513513513514,0.013513513513513514,0.013513513513513514
PAN,0.0,0.0,0.0,0.14864864864864866,0.28378378378378377,0.3108108108108108,0.14864864864864866,0.013513513513513514,0.28378378378378377,0.28378378378378377,0.0,0.0,0.0,0.05405405405405406,0.14864864864864866,0.013513513513513514,0.013513513513513514,0.013513513513513514,0.013513513513513514
PER,0.0,0.0,0.0,0.14864864864864866,0.28378378378378377,0.10810810810810811,0.14864864864864866,0.013513513513513514,0.28378378378378377,0.28378378378378377,0.0,0.0,0.0,0.05405405405405406,0.14864864864864866,0.013513513513513514,0.013513513513513514,0.013513513513513514,0.013513513513513514
PHL,0.0,0.0,0.0,0.14864864864864866,0.28378378378378377,0.10810810810810811,0.14864864864864866,0.013513513513513514,0.28378378378378377,0.28378378378378377,0.0,0.0,0.0,0.05405405405405406,0.14864864864864866,0.013513513513513514,0.013513513513513514,0.013513513513513514,0.013513513513513514
PNG,0.0,0.0,0.0,0.14864864864864866,1.0,1.0,0.14864864864864866,0.36486486486486486,1.0,1.0,0.0,0.0,0.0,1.0,0.14864864864864866,0.013513513513513514,0.013513513513513514,0.013513513513513514,0.013513513513513514
POL,0.0,0.0,0.0,0.14864864864864866,0.28378378378378377,0.3783783783783784,0.14864864864864866,0.013513513513513514,0.28378378378378377,0.28378378378378377,0.0,0.0,0.0,0.32432432432432434,0.14864864864864866,0.013513513513513514,0.013513513513513514,0.013513513513513514,0.013513513513513514
PRK,0.0,0.0,0.0,0.14864864864864866,0.5675675675675675,1.0,0.14864864864864866,0.013513513513513514,0.5540540540540541,0.28378378378378377,0.0,0.0,0.0,1.0,0.14864864864864866,0.013513513513513514,0.013513513513513514,0.013513513513513514,0.013513513513513514
PRT,0.0,0.0,0.0,0.14864864864864866,0.28378378378378377,0.10810810810810811,0.14864864864864866,0.013513513513513514,0.28378378378378377,0.28378378378378377,0.0,0.0,0.0,0.05405405405405406,0.14864864864864866,0.013513513513513514,0.013513513513513514,0.013513513513513514,0.013513513513513514
PRY,0.0,0.0,0.0,0.14864864864864866,0.28378378378378377,0.12162162162162163,0.14864864864864866,0.013513513513513514,0.28378378378378377,0.28378378378378377,0.0,0.0,0.0,0.06756756756756757,0.14864864864864866,0.013513513513513514,0.013513513513513514,0.013513513513513514,0.013513513513513514
PSE,0.0,0.0,0.0,0.0975609756097561,0.17886178861788618,1.0,0.0975609756097561,1.0,0.17886178861788618,0.17886178861788618,0.0,0.0,0.0,1.0,0.0975609756097561,0.016260162601626018,0.016260162601626018,0.016260162601626018,0.016260162601626018
QAT,0.0,0.0,0.0,0.14864864864864866,0.28378378378378377,0.3783783783783784,0.14864864864864866,1.0,0.28378378378378377,0.28378378378378377,0.0,0.0,0.0,0.32432432432432434,0.14864864864864866,0.013513513513513514,0.013513513513513514,0.013513513513513514,0.013513513513513514
ROU,0.0,0.0,0.0,0.14864864864864866,0.28378378378378377,0.24324324324324326,0.14864864864864866,0.013513513513513514,0.28378378378378377,0.28378378378378377,0.0,0.0,0.0,0.1891891891891892,0.14864864864864866,0.013513513513513514,0.013513513513513514,0.013513513513513514,0.013513513513513514
RUS,0.0,0.0,0.0,0.14864864864864866,0.28378378378378377,0.6486486486486487,0.14864864864864866,0.581081081081081,0.28378378378378377,0.28378378378378377,0.0,0.0,0.0,0.5945945945945946,0.14864864864864866,0.013513513513513514,0.013513513513513514,0.013513513513513514,0.013513513513513514
RWA,0.0,0.0,0.0,0.14864864864864866,0.28378378378378377,0.24324324324324326,0.14864864864864866,0.1891891891891892,0.28378378378378377,0.28378378378378377,0.0,0.0,0.0,0.1891891891891892,0.14864864864864866,0.013513513513513514,0.013513513513513514,0.013513513513513514,0.013513513513513514
SAU,0.0,0.0,0.0,0.14864864864864866,0.28378378378378377,0.3783783783783784,0.14864864864864866,0.013513513513513514,0.28378378378378377,0.28378378378378377,0.0,0.0,0.0,0.32432432432432434,0.14864864864864866,0.013513513513513514,0.013513513513513514,0.013513513513513514,0.013513513513513514
SDN,0.0,0.0,0.0,0.14864864864864866,0.28378378378378377,0.3783783783783784,0.14864864864864866,0.24324324324324326,0.28378378378378377,0.28378378378378377,0.0,0.0,0.0,0.32432432432432434,0.14864864864864866,0.013513513513513514,0.013513513513513514,0.013513513513513514,0.013513513513513514
SEN,0.0,0.0,0.0,0.14864864864864866,0.28378378378378377,0.24324324324324326,0.14864864864864866,0.16216216216216217,0.28378378378378377,0.28378378378378377,0.0,0.0,0.0,0.1891891891891892,0.14864864864864866,0.013513513513513514,0.013513513513513514,0.013513513513513514,0.013513513513513514
SGP,0.0,0.0,0.0,0.14864864864864866,0.28378378378378377,0.24324324324324326,0.14864864864864866,0.22972972972972974,0.28378378378378377,0.28378378378378377,0.0,0.0,0.0,0.1891891891891892,0.14864864864864866,0.013513513513513514,0.013513513513513514,0.013513513513513514,0.013513513513513514
SLB,0.0,0.0,0.0,0.14864864864864866,1.0,1.0,0.14864864864864866,1.0,1.0,1.0,0.0,0.0,0.0,1.0,0.14864864864864866,0.013513513513513514,0.013513513513513514,0.013513513513513514,0.013513513513513514
SLE,0.0,0.0,0.0,0.14864864864864866,0.28378378378378377,0.4594594594594595,0.14864864864864866,0.16216216216216217,0.28378378378378377,0.28378378378378377,0.0,0.0,0.0,0.20270270270270271,0.14864864864864866,0.013513513513513514,0.013513513513513514,0.013513513513513514,0.013513513513513514
SLV,0.0,0.0,0.0,0.14864864864864866,0.28378378378378377,1.0,0.14864864864864866,0.013513513513513514,0.28378378378378377,0.28378378378378377,0.0,0.0,0.0,0.05405405405405406,0.14864864864864866,0.013513513513513514,0.013513513513513514,0.013513513513513514,0.013513513513513514
SOM,0.0,0.0,0.0,0.208955223880597,1.0,1.0,0.208955223880597,0.21393034825870647,1.0,1.0,0.0,0.0,0.0,1.0,0.208955223880597,0.009950248756218905,0.009950248756218905,0.009950248756218905,0.009950248756218905
SRB,0.0,0.0,0.0,0.14864864864864866,0.28378378378378377,0.6486486486486487,0.14864864864864866,1.0,0.28378378378378377,0.28378378378378377,0.0,0.0,0.0,0.5945945945945946,0.14864864864864866,0.013513513513513514,0.013513513513513514,0.013513513513513514,0.013513513513513514
STP,0.0,0.0,0.0,0.14864864864864866,0.28378378378378377,1.0,0.14864864864864866,1.0,0.28378378378378377,0.28378378378378377,0.0,0.0,0.0,1.0,0.14864864864864866,0.013513513513513514,0.013513513513513514,0.013513513513513514,0.013513513513513514
SUR,0.0,0.0,0.0,0.14864864864864866,1.0,1.0,0.14864864864864866,1.0,1.0,1.0,0.0,0.0,0.0,1.0,0.14864864864864866,0.013513513513513514,0.013513513513513514,0.013513513513513514,0.013513513513513514
SVK,0.0,0.0,0.0,0.14864864864864866,0.5,0.6486486486486487,0.14864864864864866,0.5945945945945946,0.4864864864864865,0.28378378378378377,0.581081081081081,0.581081081081081,0.581081081081081,0.5945945945945946,0.14864864864864866,0.013513513513513514,0.5945945945945946,0.5945945945945946,0.5945945945945946
SVN,0.0,0.0,0.0,0.14864864864864866,0.28378378378378377,0.6486486486486487,0.14864864864864866,0.5675675675675675,0.28378378378378377,0.28378378378378377,0.527027027027027,0.527027027027027,0.527027027027027,0.5945945945945946,0.14864864864864866,0.013513513513513514,0.5405405405405406,0.5405405405405406,0.5405405405405406
SWE,0.0,0.0,0.0,0.14864864864864866,0.28378378378378377,0.10810810810810811,0.14864864864864866,0.013513513513513514,0.28378378378378377,0.28378378378378377,0.0,0.0,0.0,0.05405405405405406,0.14864864864864866,0.013513513513513514,0.013513513513513514,0.013513513513513514,0.013513513513513514
SWZ,0.0,0.0,0.0,0.14864864864864866,0.28378378378378377,0.4594594594594595,0.14864864864864866,0.2702702702702703,0.28378378378378377,0.28378378378378377,0.0,0.0,0.0,0.32432432432432434,0.14864864864864866,0.013513513513513514,0.013513513513513514,0.013513513513513514,0.013513513513513514
SYC,0.0,0.0,0.0,0.14864864864864866,0.28378378378378377,1.0,0.14864864864864866,1.0,0.28378378378378377,0.28378378378378377,0.0,0.0,0.0,1.0,0.14864864864864866,0.013513513513513514,0.013513513513513514,0.013513513513513514,0.013513513513513514
SYR,0.0,0.0,0.0,0.14864864864864866,0.28378378378378377,1.0,0.14864864864864866,0.013513513513513514,0.28378378378378377,0.28378378378378377,0.0,0.0,0.0,0.1891891891891892,0.14864864864864866,0.013513513513513514,0.013513513513513514,0.013513513513513514,0.013513513513513514
TCD,0.0,0.0,0.0,0.14864864864864866,0.28378378378378377,1.0,0.14864864864864866,0.16216216216216217,0.28378378378378377,0.28378378378378377,0.0,0.0,0.0,1.0,0.14864864864864866,0.013513513513513514,0.013513513513513514,0.013513513513513514,0.013513513513513514
TGO,0.0,0.0,0.0,0.14864864864864866,0.28378378378378377,0.4594594594594595,0.14864864864864866,0.14864864864864866,0.28378378378378377,0.28378378378378377,0.0,0.0,0.0,0.1891891891891892,0.14864864864864866,0.013513513513513514,0.013513513513513514,0.013513513513513514,0.013513513513513514
THA,0.0,0.0,0.0,0.14864864864864866,0.28378378378378377,0.10810810810810811,0.14864864864864866,0.013513513513513514,0.28378378378378377,0.28378378378378377,0.0,0.0,0.0,0.05405405405405406,0.14864864864864866,0.013513513513513514,0.013513513513513514,0.013513513513513514,0.013513513513513514
TJK,0.0,0.0,0.0,0.14864864864864866,0.4189189189189189,0.6486486486486487,0.14864864864864866,0.581081081081081,0.40540540540540543,0.28378378378378377,0.5405405405405406,0.5405405405405406,0.5405405405405406,0.5945945945945946,0.14864864864864866,0.013513513513513514,0.5540540540540541,0.5540540540540541,0.5540540540540541
TKM,0.0,0.0,0.0,0.14864864864864866,0.4189189189189189,1.0,0.14864864864864866,0.581081081081081,0.40540540540540543,0.28378378378378377,0.5540540540540541,0.5540540540540541,0.5405405405405406,1.0,0.14864864864864866,0.013513513513513514,0.5540540540540541,0.5540540540540541,0.5540540540540541
TLS,0.0,0.0,0.0,0.14864864864864866,1.0,1.0,0.14864864864864866,1.0,1.0,1.0,0.0,0.0,0.6621621621621622,1.0,0.14864864864864866,0.013513513513513514,0.7027027027027027,0.7027027027027027,0.7027027027027027
TTO,0.0,0.0,0.0,0.14864864864864866,0.28378378378378377,0.10810810810810811,0.14864864864864866,0.1891891891891892,0.28378378378378377,0.28378378378378377,0.0,0.0,0.0,0.05405405405405406,0.14864864864864866,0.013513513513513514,0.013513513513513514,0.013513513513513514,0.013513513513513514
TUN,0.0,0.0,0.0,0.14864864864864866,0.28378378378378377,0.24324324324324326,0.14864864864864866,0.0945945945945946,0.28378378378378377,0.28378378378378377,0.0,0.0,0.0,0.1891891891891892,0.14864864864864866,0.013513513513513514,0.013513513513513514,0.013513513513513514,0.013513513513513514
TUR,0.0,0.0,0.0,0.14864864864864866,0.28378378378378377,0.10810810810810811,0.14864864864864866,0.013513513513513514,0.28378378378378377,0.28378378378378377,0.0,0.0,0.0,0.05405405405405406,0.14864864864864866,0.013513513513513514,0.013513513513513514,0.013513513513513514,0.013513513513513514
TWN,0.0,0.0,0.0,1.0,0.28378378378378377,0.12162162162162163,1.0,0.013513513513513514,0.28378378378378377,0.28378378378378377,0.0,0.0,0.0,0.06756756756756757,1.0,0.013513513513513514,0.013513513513513514,0.013513513513513514,0.013513513513513514
TZA,0.0,0.0,0.0,0.14864864864864866,0.28378378378378377,0.24324324324324326,0.14864864864864866,0.20270270270270271,0.28378378378378377,0.28378378378378377,0.0,0.0,0.0,0.1891891891891892,0.14864864864864866,0.013513513513513514,0.013513513513513514,0.013513513513513514,0.013513513513513514
UGA,0.0,0.0,0.0,0.14864864864864866,0.28378378378378377,1.0,0.14864864864864866,0.1891891891891892,0.28378378378378377,0.28378378378378377,0.0,0.0,0.0,0.05405405405405406,0.14864864864864866,0.013513513513513514,0.013513513513513514,0.013513513513513514,0.013513513513513514
UKR,0.0,0.0,0.0,0.14864864864864866,0.4189189189189189,0.6486486486486487,0.14864864864864866,0.581081081081081,0.40540540540540543,0.28378378378378377,0.5405405405405406,0.5405405405405406,0.5405405405405406,0.5945945945945946,0.14864864864864866,0.013513513513513514,0.5540540540540541,0.5540540540540541,0.5540540540540541
URY,0.0,0.0,0.0,0.14864864864864866,0.28378378378378377,0.10810810810810811,0.14864864864864866,0.013513513513513514,0.28378378378378377,0.28378378378378377,0.0,0.0,0.0,0.05405405405405406,0.14864864864864866,0.013513513513513514,0.013513513513513514,0.013513513513513514,0.013513513513513514
USA,0.0,0.0,0.0,0.14864864864864866,0.28378378378378377,0.10810810810810811,0.14864864864864866,0.013513513513513514,0.28378378378378377,0.28378378378378377,0.0,0.0,0.0,0.05405405405405406,0.14864864864864866,0.013513513513513514,0.013513513513513514,0.013513513513513514,0.013513513513513514
UZB,0.0,0.0,0.0,0.14864864864864866,0.4189189189189189,1.0,0.14864864864864866,0.581081081081081,0.40540540540540543,0.28378378378378377,0.5405405405405406,0.5405405405405406,0.5405405405405406,1.0,0.14864864864864866,0.013513513513513514,0.5540540540540541,0.5540540540540541,0.5540540540540541
VEN,0.0,0.0,0.0,0.14864864864864866,0.28378378378378377,0.10810810810810811,0.14864864864864866,0.013513513513513514,0.28378378378378377,0.28378378378378377,0.0,0.0,0.0,0.05405405405405406,0.14864864864864866,0.013513513513513514,0.013513513513513514,0.013513513513513514,0.013513513513513514
VNM,0.0,0.0,0.0,0.14864864864864866,0.28378378378378377,1.0,0.14864864864864866,0.3783783783783784,0.28378378378378377,0.28378378378378377,0.0,0.0,0.0,0.32432432432432434,0.14864864864864866,0.013513513513513514,0.013513513513513514,0.013513513513513514,0.013513513513513514
VUT,0.0,0.0,0.0,0.14864864864864866,1.0,1.0,0.14864864864864866,1.0,1.0,1.0,0.0,0.0,0.0,1.0,0.14864864864864866,0.013513513513513514,0.013513513513513514,0.013513513513513514,0.013513513513513514
YEM,0.0,0.0,0.0,0.20812182741116753,0.41116751269035534,1.0,0.20812182741116753,0.005076142131979695,0.41116751269035534,0.41116751269035534,0.0,0.0,0.0,0.8121827411167513,0.20812182741116753,0.005076142131979695,0.005076142131979695,0.005076142131979695,0.005076142131979695
ZAF,0.0,0.0,0.0,0.14864864864864866,0.28378378378378377,0.10810810810810811,0.14864864864864866,0.013513513513513514,0.28378378378378377,0.28378378378378377,0.0,0.0,0.0,0.05405405405405406,0.14864864864864866,0.013513513513513514,0.013513513513513514,0.013513513513513514,0.013513513513513514
ZMB,0.0,0.0,0.0,0.14864864864864866,0.28378378378378377,0.17567567567567569,0.14864864864864866,0.21621621621621623,0.28378378378378377,0.28378378378378377,0.0,0.0,0.0,0.12162162162162163,0.14864864864864866,0.013513513513513514,0.013513513513513514,0.013513513513513514,0.013513513513513514
ZWE,0.0,0.0,0.0,0.14864864864864866,0.28378378378378377,0.16216216216216217,0.14864864864864866,0.22972972972972974,0.28378378378378377,0.28378378378378377,0.0,0.0,0.0,0.10810810810810811,0.14864864864864866,0.013513513513513514,0.013513513513513514,0.013513513513513514,0.013513513513513514
